1,John,Doe,Smith,662.214-4741 ,john.doe@example.com
2,Jane,Smith,Doe,664.609-2319 ,jane.smith@example.com
3,Michael,Johnson,Brown,871.720-3696 ,michael.johnson@example.com
4,Emily,Williams,Davis,351.512-3590 ,emily.williams@example.com
5,David,Miller,Anderson,444.825-2012 ,david.miller@example.com
6,Jennifer,Lee,Garcia,442.214-3950 ,jennifer.lee@example.com
7,William,Martinez,Hernandez,662.212-7418 ,william.martinez@example.com
8,Jessica,Lopez,Gonzalez,442.215-3078 ,jessica.lopez@example.com
9,Christopher,Wilson,Rivera,844.439-3110 ,christopher.wilson@example.com
10,Sarah,Davis,Harris,246.462-9195 ,sarah.davis@example.com
11,Matthew,Garcia,Lee,899.923-4304 ,matthew.garcia@example.com
12,Laura,Hernandez,Miller,899.925-9187,laura.hernandez@example.com
13,Daniel,Gonzalez,Williams,656.617-0535 ,daniel.gonzalez@example.com
14,Melissa,Rivera,Martinez,656.617-0946,melissa.rivera@example.com
15,Anthony,Harris,Lopez,5678901234,anthony.harris@example.com
16,Amanda,Miller,Lee,844.417-8565,amanda.miller@example.com
17,James,Smith,Davis,844.416-7199 ,james.smith@example.com
18,Samantha,Williams,Garcia,622.222-3938 ,samantha.williams@example.com
19,Andrew,Martinez,Hernandez,462.625-1200 ,andrew.martinez@example.com
20,Elizabeth,Gonzalez,Lopez,834.315-5054 ,elizabeth.gonzalez@example.com
21,Mathew,Hernandez,Miller,833.221-2764 ,mathew.hernandez@example.com
22,Nicole,Lee,Garcia,833.217-4543 ,nicole.lee@example.com
23,William,Harris,Martinez,327.274-0249 ,william.harris@example.com
24,Emily,Winchester,Davis,962.625-7754,emily.winchester@example.com
25,Christopher,Lopez,Gonzalez,627.523-0183,christopher.lopez@example.com
26,Jessica,Miller,Lee,322.222-0424 ,jessica.miller@example.com
27,Michael,Garcia,Rivera,442.213-8997,michael.garcia@example.com
28,Amanda,Davis,Harris,327.274-0036 ,amanda.davis@example.com
29,Matthew,Martinez,Hernandez,665.654-3824 ,matthew.martinez@example.com
30,Samantha,Gonzalez,Lopez,333.684-6167,samantha.gonzalez@example.com
31,Andrew,Hernandez,Miller,452.524-2445 ,andrew.hernandez@example.com
32,Elizabeth,Lee,Garcia,662.215-0116 ,elizabeth.lee@example.com
33,William,Lopez,Harris,341.412-8555 ,william.lopez@example.com
34,Emily,Miller,Davis,985.851-0205 ,emily.miller@example.com
35,Christopher,Garcia,Lopez,722.213-7342 ,christopher.garcia@example.com
36,Jessica,Davis,Lee,686.553-4089 ,jessica.davis@example.com
37,Michael,Harris,Gonzalez,747.472-2469 ,michael.harris@example.com
38,Armando,Saucedo,Mendoza,461.613-1111 ,armando.saucedo@example.com
39,Maria,Mendez,Navarro,222.249-8615,maria.mendez@example.com
40,Adrian,Perez,Bravo,932.322-0248,adrian.perez@example.com
