1,Instalacion de luces y sonido
2,Decoracion floral elegante
3,Montaje de escenario principal
4,Preparacion de zona de catering
5,Ajuste de mobiliario y mesas
6,Configuracion de pantallas y proyectores
7,Organización de area de registro
8,Colocacion de carteles y senializacion
9,Preparacion de zona de exhibicion
10,Ajuste de iluminacion ambiental
11,Instalacion de alfombra roja
12,Armado de estructuras modulares
13,Configuracion de area VIP
14,Montaje de pasarela para desfiles
15,Preparacion de espacios lounge
16,Ajuste de sistemas de climatizacion
17,Organizacion de stands de patrocinadores
18,Decoracion tematica
19,Montaje de esculturas
20,Preparación de area de juegos
21,Instalacion de carpas
22,Configuracion de barra de bebidas
23,Ajuste de iluminacion arquitectonica
24,Organizacion de zona de descanso
25,Montaje de tarimas
26,Preparacion de area de networking
27,Instalacion de equipo de sonido
28,Decoracion con globos
29,Montaje de exhibicion de arte
30,Preparacion de zona de juegos
31,Ajuste de iluminacion LED
32,Organizacion de mesas de registro
33,Instalacion de pantallas LED
34,Decoracion con telas
35,Montaje de escenarios de presentacion
36,Preparacion de area de fotos
37,Ajuste de iluminacion de efectos
38,Organizacion de zona de descuento
39,Instalacion de mesas de catering
40,Decoracion con plantas
41,Montaje de stands de exhibicion
42,Preparacion de area de coctel
43,Ajuste de iluminacion decorativa
44,Organizacion de zona de networking
45,Instalacion de pasarela de moda
46,Decoracion con banners
47,Montaje de escenografia teatral
48,Preparación de area de relajacion
49,Ajuste de iluminacion natural
50,Organizacion de area de venta
