1,Limpieza Premium,Servicio completo de limpieza para eventos,811,1
2,Banquete Elegante,Catering gourmet para eventos especiales,877,2
3,Decoracion Tematica,Decoracion personalizada segun el tema del evento,834,3
4,Fotografia Profesional,Cobertura fotografica profesional del evento,743,4
5,Seguridad VIP,Servicio de seguridad especializada para invitados importantes,771,5
6,Transporte Ejecutivo,Transporte de lujo para invitados especiales,671,6
7,Equipo de Sonido Premium,Sonido de alta calidad y equipo tecnico especializado,647,7
8,Iluminacion Especializada,Iluminacion decorativa y efectos especiales,953,8
9,DJ Profesional,Servicio de DJ con repertorio personalizado,919,9
10,Alquiler de Mobiliario VIP,Mobiliario exclusivo para eventos especiales,788,10
11,Decoracion Floral Premium,Arreglos florales de lujo para eventos,593,11
12,Barra de Cocktails,Variedad de cocteles y servicio de barra libre,807,12
13,Animacion Infantil,Entretenimiento especializado para ninios,894,13
14,Valet Parking VIP,Servicio exclusivo de estacionamiento valet,974,14
15,Coordinacion de Eventos VIP,Coordinacion profesional de todos los aspectos del evento,600,15
16,Video Proyeccion 4K,Proyeccion de videos en alta definicion,1000,16
17,Maquillaje y Peinado VIP,Servicio exclusivo de maquillaje y peinado VIP,968,17
18,Escenario de Alta Tecnologia,Alquiler de escenario con tecnologia avanzada,819,18
19,Servicio de Interpretacion,Interpretacion simultanea en varios idiomas,697,19
20,Campaña Publicitaria,Diseño y ejecucion de campañas publicitarias,761,20
21,Registro y Acreditacion VIP,Servicio de registro y acreditacion personalizado,654,21
22,Produccion Audiovisual HD,Produccion de videos y contenido multimedia HD,841,22
23,Streaming en Vivo Ultra HD,Transmision en vivo de eventos en calidad Ultra HD,704,23
24,Seguro Integral de Eventos,Cobertura completa para eventos especiales,581,24
25,Montaje Personalizado,Montaje especializado y carpinteria de alta calidad,601,25
26,Reciclaje Sostenible,Servicio de gestion de residuos y reciclaje,992,26
27,Mantenimiento Preventivo,Servicio de mantenimiento preventivo para eventos,683,27
28,Traducción de Senias,Interpretacion en lenguaje de senias,788,28
29,Escenografia Creativa,Disenio y construccion de escenografias,685,29
30,Produccion de Audio HD,Produccion y grabacion de audio en alta definicion,834,30
31,Disenio Grafico Personalizado,Servicio de disenio grafico para eventos,753,31
32,Asesoria de Imagen VIP,Asesoramiento personalizado de imagen para invitados VIP,876,32
33,Coaching Personalizado,Sesiones de coaching personalizado para invitados especiales,602,33
34,Seguridad Cibernetica,Proteccion y seguridad digital para eventos,888,34
35,Consultoria Legal Especializada,Asesoria legal especializada para eventos,950,35
36,Fotocopiado Rapido,Servicio rapido de fotocopiado para documentos,357,36
37,Teleconferencia Global,Conexion global para teleconferencias,671,37
38,Espacios Virtuales Premium,Creacion y gestion de espacios virtuales,854,38
39,Asistencia Tecnica 24/7,Soporte tecnico continuo durante el evento,584,39
40,Servidores de Alto Rendimiento,Alquiler de servidores para eventos,710,40
41,Backup y Recuperacion de Datos,Servicio de backup y recuperacion de datos,834,41
42,Capacitacion Profesional,Sesiones de capacitacion para profesionales,682,42
43,Consultoria en Finanzas,Asesoria financiera especializada para eventos,713,43
44,Consultoria en Marketing,Estrategias de marketing personalizadas,654,44
45,Consultoria en Recursos Humanos,Gestion de talento y recursos humanos,543,45
46,Consultoria en Tecnologia,Soluciones tecnologicas avanzadas para eventos,921,46
47,Consultoria en Logistica,Gestion logistica integral para eventos,617,47
48,Consultoria en Salud,Asesoria y prevencion de salud para eventos,784,48
49,Consultoria en Educacion,Desarrollo educativo y capacitacion,813,49
50,Consultoria en Ingenieria,Soluciones ingenieriles para eventos especiales,568,50
