1,150,Fiesta de Cumpleanios
2,200,Conferencia Internacional
3,180,Boda Elegante
4,220,Festival de Musica
5,250,Evento Corporativo
6,190,Feria de Artesanias
7,170,Gala Benefica
8,230,Torneo Deportivo
9,210,Exposicion de Arte
10,240,Fiesta de Graduacion
11,160,Presentacion de Producto
12,270,Desfile de Moda
13,280,Simposio Academico
14,300,Festival Gastronomico
15,260,Concierto al Aire Libre
16,290,Concurso de Talento
17,310,Retiro Espiritual
18,180,Actividad Recreativa
19,220,Lanzamiento de Producto
20,250,Conferencia de Negocios
21,190,Gala de Premiacion
22,200,Tour de Arte Urbano
23,230,Torneo de Ajedrez
24,210,Noche de Casino
25,240,Exhibicion de Autos Clasicos
26,270,Jornada de Networking
27,280,Festival Cultural
28,300,Rueda de Negocios
29,260,Carrera Solidaria
30,290,Taller de Innovacion
31,310,Congreso Internacional
32,180,Picnic Familiar
33,220,Jornada de Capacitacion
34,250,Exhibicion de Tecnologia
35,190,Seminario Profesional
36,200,Cena de Gala
37,230,Ruta Gastronomica
38,210,Festival de Cine
39,240,Torneo de Golf
40,270,Fiesta Tematica
41,280,Concierto intimo
42,300,Competencia Deportiva
43,260,Feria Educativa
44,290,Curso de Idiomas
45,310,Encuentro Empresarial
46,180,Cena Benefica
47,220,Maraton
48,250,Celebracion de Aniversario
49,190,Fiesta Tematica Infantil
50,200,Taller de Arte
